Workbook

Sheet revenue_data
A1: month | B1: country | C1: revenue
A2: 44927 | B2: Brazil | C2: 185463.84
A3: 44958 | B3: Brazil | C3: 170074.93
A4: 44986 | B4: Brazil | C4: 180683.26
A5: 45017 | B5: Brazil | C5: 190527.73
A6: 45047 | B6: Brazil | C6: 192892.6
A7: 45078 | B7: Brazil | C7: 205714.33
A8: 45108 | B8: Brazil | C8: 200181.48
A9: 45139 | B9: Brazil | C9: 203934
A10: 45170 | B10: Brazil | C10: 200082.62
A11: 45200 | B11: Brazil | C11: 212570.29
A12: 45231 | B12: Brazil | C12: 232716.41
A13: 45261 | B13: Brazil | C13: 243928.6
... A127: 45536 | B127: Philippines | C127: 130554.76

Sheet Monthly by Country
A1: Monthly Revenue by Country
A2: Pulled from revenue_data via SUMIFS (live formulas)
A4: Month | B4: Brazil | C4: India | D4: Indonesia | E4: Mexico | F4: Nigeria | G4: Philippines | H4: TOTAL
A5: 44927 | B5: =SUMIFS(revenue_data!$C:$C,revenue_data!$A:$A,$A5,revenue_data!$B:$B,B$4) -> 185463.84 | C5: =SUMIFS(revenue_data!$C:$C,revenue_data!$A:$A,$A5,revenue_data!$B:$B,C$4) -> 112402.66 | D5: =SUMIFS(revenue_data!$C:$C,revenue_data!$A:$A,$A5,revenue_data!$B:$B,D$4) -> 140227.11 | E5: =SUMIFS(revenue_data!$C:$C,revenue_data!$A:$A,$A5,revenue_data!$B:$B,E$4) -> 136933.28 | F5: =SUMIFS(revenue_data!$C:$C,revenue_data!$A:$A,$A5,revenue_data!$B:$B,F$4) -> 74071.61 | G5: =SUMIFS(revenue_data!$C:$C,revenue_data!$A:$A,$A5,revenue_data!$B:$B,G$4) -> 86944.02 | H5: =SUM(B5:G5) -> 736042.52
A6: 44958 | B6: =SUMIFS(revenue_data!$C:$C,revenue_data!$A:$A,$A6,revenue_data!$B:$B,B$4) -> 170074.93 | C6: =SUMIFS(revenue_data!$C:$C,revenue_data!$A:$A,$A6,revenue_data!$B:$B,C$4) -> 107205.94 | D6: =SUMIFS(revenue_data!$C:$C,revenue_data!$A:$A,$A6,revenue_data!$B:$B,D$4) -> 135150.2 | E6: =SUMIFS(revenue_data!$C:$C,revenue_data!$A:$A,$A6,revenue_data!$B:$B,E$4) -> 122861.01 | F6: =SUMIFS(revenue_data!$C:$C,revenue_data!$A:$A,$A6,revenue_data!$B:$B,F$4) -> 66717.29 | G6: =SUMIFS(revenue_data!$C:$C,revenue_data!$A:$A,$A6,revenue_data!$B:$B,G$4) -> 88644.53 | H6: =SUM(B6:G6) -> 690653.9
A7: 44986 | B7: =SUMIFS(revenue_data!$C:$C,revenue_data!$A:$A,$A7,revenue_data!$B:$B,B$4) -> 180683.26 | C7: =SUMIFS(revenue_data!$C:$C,revenue_data!$A:$A,$A7,revenue_data!$B:$B,C$4) -> 117183.85 | D7: =SUMIFS(revenue_data!$C:$C,revenue_data!$A:$A,$A7,revenue_data!$B:$B,D$4) -> 141767.77 | E7: =SUMIFS(revenue_data!$C:$C,revenue_data!$A:$A,$A7,revenue_data!$B:$B,E$4) -> 133858.65 | F7: =SUMIFS(revenue_data!$C:$C,revenue_data!$A:$A,$A7,revenue_data!$B:$B,F$4) -> 73664.3 | G7: =SUMIFS(revenue_data!$C:$C,revenue_data!$A:$A,$A7,revenue_data!$B:$B,G$4) -> 95068.46 | H7: =SUM(B7:G7) -> 742226.29
A8: 45017 | B8: =SUMIFS(revenue_data!$C:$C,revenue_data!$A:$A,$A8,revenue_data!$B:$B,B$4) -> 190527.73 | C8: =SUMIFS(revenue_data!$C:$C,revenue_data!$A:$A,$A8,revenue_data!$B:$B,C$4) -> 121015 | D8: =SUMIFS(revenue_data!$C:$C,revenue_data!$A:$A,$A8,revenue_data!$B:$B,D$4) -> 142542.48 | E8: =SUMIFS(revenue_data!$C:$C,revenue_data!$A:$A,$A8,revenue_data!$B:$B,E$4) -> 137120.67 | F8: =SUMIFS(revenue_data!$C:$C,revenue_data!$A:$A,$A8,revenue_data!$B:$B,F$4) -> 72445.77 | G8: =SUMIFS(revenue_data!$C:$C,revenue_data!$A:$A,$A8,revenue_data!$B:$B,G$4) -> 92520.47 | H8: =SUM(B8:G8) -> 756172.12
A9: 45047 | B9: =SUMIFS(revenue_data!$C:$C,revenue_data!$A:$A,$A9,revenue_data!$B:$B,B$4) -> 192892.6 | C9: =SUMIFS(revenue_data!$C:$C,revenue_data!$A:$A,$A9,revenue_data!$B:$B,C$4) -> 123697.45 | D9: =SUMIFS(revenue_data!$C:$C,revenue_data!$A:$A,$A9,revenue_data!$B:$B,D$4) -> 160149.47 | E9: =SUMIFS(revenue_data!$C:$C,revenue_data!$A:$A,$A9,revenue_data!$B:$B,E$4) -> 142373.95 | F9: =SUMIFS(revenue_data!$C:$C,revenue_data!$A:$A,$A9,revenue_data!$B:$B,F$4) -> 77200.45 | G9: =SUMIFS(revenue_data!$C:$C,revenue_data!$A:$A,$A9,revenue_data!$B:$B,G$4) -> 97152.22 | H9: =SUM(B9:G9) -> 793466.14
A10: 45078 | B10: =SUMIFS(revenue_data!$C:$C,revenue_data!$A:$A,$A10,revenue_data!$B:$B,B$4) -> 205714.33 | C10: =SUMIFS(revenue_data!$C:$C,revenue_data!$A:$A,$A10,revenue_data!$B:$B,C$4) -> 125178.66 | D10: =SUMIFS(revenue_data!$C:$C,revenue_data!$A:$A,$A10,revenue_data!$B:$B,D$4) -> 153616.01 | E10: =SUMIFS(revenue_data!$C:$C,revenue_data!$A:$A,$A10,revenue_data!$B:$B,E$4) -> 143851.13 | F10: =SUMIFS(revenue_data!$C:$C,revenue_data!$A:$A,$A10,revenue_data!$B:$B,F$4) -> 76677.03 | G10: =SUMIFS(revenue_data!$C:$C,revenue_data!$A:$A,$A10,revenue_data!$B:$B,G$4) -> 103419.56 | H10: =SUM(B10:G10) -> 808456.72
A11: 45108 | B11: =SUMIFS(revenue_data!$C:$C,revenue_data!$A:$A,$A11,revenue_data!$B:$B,B$4) -> 200181.48 | C11: =SUMIFS(revenue_data!$C:$C,revenue_data!$A:$A,$A11,revenue_data!$B:$B,C$4) -> 131147.16 | D11: =SUMIFS(revenue_data!$C:$C,revenue_data!$A:$A,$A11,revenue_data!$B:$B,D$4) -> 160002.56 | E11: =SUMIFS(revenue_data!$C:$C,revenue_data!$A:$A,$A11,revenue_data!$B:$B,E$4) -> 143466.97 | F11: =SUMIFS(revenue_data!$C:$C,revenue_data!$A:$A,$A11,revenue_data!$B:$B,F$4) -> 80700.11 | G11: =SUMIFS(revenue_data!$C:$C,revenue_data!$A:$A,$A11,revenue_data!$B:$B,G$4) -> 101549.39 | H11: =SUM(B11:G11) -> 817047.67
A12: 45139 | B12: =SUMIFS(revenue_data!$C:$C,revenue_data!$A:$A,$A12,revenue_data!$B:$B,B$4) -> 203934 | C12: =SUMIFS(revenue_data!$C:$C,revenue_data!$A:$A,$A12,revenue_data!$B:$B,C$4) -> 135116.79 | D12: =SUMIFS(revenue_data!$C:$C,revenue_data!$A:$A,$A12,revenue_data!$B:$B,D$4) -> 162885.07 | E12: =SUMIFS(revenue_data!$C:$C,revenue_data!$A:$A,$A12,revenue_data!$B:$B,E$4) -> 143400.54 | F12: =SUMIFS(revenue_data!$C:$C,revenue_data!$A:$A,$A12,revenue_data!$B:$B,F$4) -> 79629.23 | G12: =SUMIFS(revenue_data!$C:$C,revenue_data!$A:$A,$A12,revenue_data!$B:$B,G$4) -> 105292.43 | H12: =SUM(B12:G12) -> 830258.06
A13: 45170 | B13: =SUMIFS(revenue_data!$C:$C,revenue_data!$A:$A,$A13,revenue_data!$B:$B,B$4) -> 200082.62 | C13: =SUMIFS(revenue_data!$C:$C,revenue_data!$A:$A,$A13,revenue_data!$B:$B,C$4) -> 140225.57 | D13: =SUMIFS(revenue_data!$C:$C,revenue_data!$A:$A,$A13,revenue_data!$B:$B,D$4) -> 173619.81 | E13: =SUMIFS(revenue_data!$C:$C,revenue_data!$A:$A,$A13,revenue_data!$B:$B,E$4) -> 145470.9 | F13: =SUMIFS(revenue_data!$C:$C,revenue_data!$A:$A,$A13,revenue_data!$B:$B,F$4) -> 80864.62 | G13: =SUMIFS(revenue_data!$C:$C,revenue_data!$A:$A,$A13,revenue_data!$B:$B,G$4) -> 103563.6 | H13: =SUM(B13:G13) -> 843827.12
A14: 45200 | B14: =SUMIFS(revenue_data!$C:$C,revenue_data!$A:$A,$A14,revenue_data!$B:$B,B$4) -> 212570.29 | C14: =SUMIFS(revenue_data!$C:$C,revenue_data!$A:$A,$A14,revenue_data!$B:$B,C$4) -> 149368.1 | D14: =SUMIFS(revenue_data!$C:$C,revenue_data!$A:$A,$A14,revenue_data!$B:$B,D$4) -> 174825.46 | E14: =SUMIFS(revenue_data!$C:$C,revenue_data!$A:$A,$A14,revenue_data!$B:$B,E$4) -> 152075.51 | F14: =SUMIFS(revenue_data!$C:$C,revenue_data!$A:$A,$A14,revenue_data!$B:$B,F$4) -> 83275.1 | G14: =SUMIFS(revenue_data!$C:$C,revenue_data!$A:$A,$A14,revenue_data!$B:$B,G$4) -> 100999.33 | H14: =SUM(B14:G14) -> 873113.79
A15: 45231 | B15: =SUMIFS(revenue_data!$C:$C,revenue_data!$A:$A,$A15,revenue_data!$B:$B,B$4) -> 232716.41 | C15: =SUMIFS(revenue_data!$C:$C,revenue_data!$A:$A,$A15,revenue_data!$B:$B,C$4) -> 155991.52 | D15: =SUMIFS(revenue_data!$C:$C,revenue_data!$A:$A,$A15,revenue_data!$B:$B,D$4) -> 194491.6 | E15: =SUMIFS(revenue_data!$C:$C,revenue_data!$A:$A,$A15,revenue_data!$B:$B,E$4) -> 166946.95 | F15: =SUMIFS(revenue_data!$C:$C,revenue_data!$A:$A,$A15,revenue_data!$B:$B,F$4) -> 95581.87 | G15: =SUMIFS(revenue_data!$C:$C,revenue_data!$A:$A,$A15,revenue_data!$B:$B,G$4) -> 123431.84 | H15: =SUM(B15:G15) -> 969160.19
A16: 45261 | B16: =SUMIFS(revenue_data!$C:$C,revenue_data!$A:$A,$A16,revenue_data!$B:$B,B$4) -> 243928.6 | C16: =SUMIFS(revenue_data!$C:$C,revenue_data!$A:$A,$A16,revenue_data!$B:$B,C$4) -> 167717.28 | D16: =SUMIFS(revenue_data!$C:$C,revenue_data!$A:$A,$A16,revenue_data!$B:$B,D$4) -> 206684.67 | E16: =SUMIFS(revenue_data!$C:$C,revenue_data!$A:$A,$A16,revenue_data!$B:$B,E$4) -> 166146.95 | F16: =SUMIFS(revenue_data!$C:$C,revenue_data!$A:$A,$A16,revenue_data!$B:$B,F$4) -> 98148.82 | G16: =SUMIFS(revenue_data!$C:$C,revenue_data!$A:$A,$A16,revenue_data!$B:$B,G$4) -> 123400.33 | H16: =SUM(B16:G16) -> 1006026.7
... A25: 45536 | B25: =SUMIFS(revenue_data!$C:$C,revenue_data!$A:$A,$A25,revenue_data!$B:$B,B$4) -> 265479.87 | C25: =SUMIFS(revenue_data!$C:$C,revenue_data!$A:$A,$A25,revenue_data!$B:$B,C$4) -> 181217.01 | D25: =SUMIFS(revenue_data!$C:$C,revenue_data!$A:$A,$A25,revenue_data!$B:$B,D$4) -> 220200.41 | E25: =SUMIFS(revenue_data!$C:$C,revenue_data!$A:$A,$A25,revenue_data!$B:$B,E$4) -> 169879.89 | F25: =SUMIFS(revenue_data!$C:$C,revenue_data!$A:$A,$A25,revenue_data!$B:$B,F$4) -> 102960.43 | G25: =SUMIFS(revenue_data!$C:$C,revenue_data!$A:$A,$A25,revenue_data!$B:$B,G$4) -> 130554.76 | H25: =SUM(B25:G25) -> 1070292.4

Sheet MoM Change
A1: Month-over-Month % Change
A2: Formula: current month / prior month - 1, per country and total
A4: Month | B4: Brazil | C4: India | D4: Indonesia | E4: Mexico | F4: Nigeria | G4: Philippines | H4: TOTAL
A5: ='Monthly by Country'!A5 -> 44927
A6: ='Monthly by Country'!A6 -> 44958 | B6: ='Monthly by Country'!B6/'Monthly by Country'!B5-1 -> -0.082975258 | C6: ='Monthly by Country'!C6/'Monthly by Country'!C5-1 -> -0.04623307 | D6: ='Monthly by Country'!D6/'Monthly by Country'!D5-1 -> -0.036204911 | E6: ='Monthly by Country'!E6/'Monthly by Country'!E5-1 -> -0.10276735 | F6: ='Monthly by Country'!F6/'Monthly by Country'!F5-1 -> -0.099286623 | G6: ='Monthly by Country'!G6/'Monthly by Country'!G5-1 -> 0.019558677 | H6: ='Monthly by Country'!H6/'Monthly by Country'!H5-1 -> -0.061665758
A7: ='Monthly by Country'!A7 -> 44986 | B7: ='Monthly by Country'!B7/'Monthly by Country'!B6-1 -> 0.062374449 | C7: ='Monthly by Country'!C7/'Monthly by Country'!C6-1 -> 0.093072361 | D7: ='Monthly by Country'!D7/'Monthly by Country'!D6-1 -> 0.048964559 | E7: ='Monthly by Country'!E7/'Monthly by Country'!E6-1 -> 0.089512857 | F7: ='Monthly by Country'!F7/'Monthly by Country'!F6-1 -> 0.10412608 | G7: ='Monthly by Country'!G7/'Monthly by Country'!G6-1 -> 0.072468431 | H7: ='Monthly by Country'!H7/'Monthly by Country'!H6-1 -> 0.074671829
A8: ='Monthly by Country'!A8 -> 45017 | B8: ='Monthly by Country'!B8/'Monthly by Country'!B7-1 -> 0.054484682 | C8: ='Monthly by Country'!C8/'Monthly by Country'!C7-1 -> 0.032693498 | D8: ='Monthly by Country'!D8/'Monthly by Country'!D7-1 -> 0.0054646412 | E8: ='Monthly by Country'!E8/'Monthly by Country'!E7-1 -> 0.024369139 | F8: ='Monthly by Country'!F8/'Monthly by Country'!F7-1 -> -0.016541663 | G8: ='Monthly by Country'!G8/'Monthly by Country'!G7-1 -> -0.026801633 | H8: ='Monthly by Country'!H8/'Monthly by Country'!H7-1 -> 0.018789189
A9: ='Monthly by Country'!A9 -> 45047 | B9: ='Monthly by Country'!B9/'Monthly by Country'!B8-1 -> 0.012412209 | C9: ='Monthly by Country'!C9/'Monthly by Country'!C8-1 -> 0.02216626 | D9: ='Monthly by Country'!D9/'Monthly by Country'!D8-1 -> 0.123521 | E9: ='Monthly by Country'!E9/'Monthly by Country'!E8-1 -> 0.038311365 | F9: ='Monthly by Country'!F9/'Monthly by Country'!F8-1 -> 0.065630885 | G9: ='Monthly by Country'!G9/'Monthly by Country'!G8-1 -> 0.050061894 | H9: ='Monthly by Country'!H9/'Monthly by Country'!H8-1 -> 0.049319486
A10: ='Monthly by Country'!A10 -> 45078 | B10: ='Monthly by Country'!B10/'Monthly by Country'!B9-1 -> 0.066470824 | C10: ='Monthly by Country'!C10/'Monthly by Country'!C9-1 -> 0.011974459 | D10: ='Monthly by Country'!D10/'Monthly by Country'!D9-1 -> -0.040796014 | E10: ='Monthly by Country'!E10/'Monthly by Country'!E9-1 -> 0.010375353 | F10: ='Monthly by Country'!F10/'Monthly by Country'!F9-1 -> -0.0067800123 | G10: ='Monthly by Country'!G10/'Monthly by Country'!G9-1 -> 0.064510518 | H10: ='Monthly by Country'!H10/'Monthly by Country'!H9-1 -> 0.018892526
A11: ='Monthly by Country'!A11 -> 45108 | B11: ='Monthly by Country'!B11/'Monthly by Country'!B10-1 -> -0.026895793 | C11: ='Monthly by Country'!C11/'Monthly by Country'!C10-1 -> 0.047679852 | D11: ='Monthly by Country'!D11/'Monthly by Country'!D10-1 -> 0.041574768 | E11: ='Monthly by Country'!E11/'Monthly by Country'!E10-1 -> -0.0026705386 | F11: ='Monthly by Country'!F11/'Monthly by Country'!F10-1 -> 0.052467864 | G11: ='Monthly by Country'!G11/'Monthly by Country'!G10-1 -> -0.01808333 | H11: ='Monthly by Country'!H11/'Monthly by Country'!H10-1 -> 0.010626357
A12: ='Monthly by Country'!A12 -> 45139 | B12: ='Monthly by Country'!B12/'Monthly by Country'!B11-1 -> 0.01874559 | C12: ='Monthly by Country'!C12/'Monthly by Country'!C11-1 -> 0.030268517 | D12: ='Monthly by Country'!D12/'Monthly by Country'!D11-1 -> 0.018015399 | E12: ='Monthly by Country'!E12/'Monthly by Country'!E11-1 -> -0.00046303341 | F12: ='Monthly by Country'!F12/'Monthly by Country'!F11-1 -> -0.01326987 | G12: ='Monthly by Country'!G12/'Monthly by Country'!G11-1 -> 0.036859306 | H12: ='Monthly by Country'!H12/'Monthly by Country'!H11-1 -> 0.016168445
A13: ='Monthly by Country'!A13 -> 45170 | B13: ='Monthly by Country'!B13/'Monthly by Country'!B12-1 -> -0.018885424 | C13: ='Monthly by Country'!C13/'Monthly by Country'!C12-1 -> 0.037810105 | D13: ='Monthly by Country'!D13/'Monthly by Country'!D12-1 -> 0.065903769 | E13: ='Monthly by Country'!E13/'Monthly by Country'!E12-1 -> 0.014437603 | F13: ='Monthly by Country'!F13/'Monthly by Country'!F12-1 -> 0.015514278 | G13: ='Monthly by Country'!G13/'Monthly by Country'!G12-1 -> -0.016419319 | H13: ='Monthly by Country'!H13/'Monthly by Country'!H12-1 -> 0.016343184
A14: ='Monthly by Country'!A14 -> 45200 | B14: ='Monthly by Country'!B14/'Monthly by Country'!B13-1 -> 0.062412567 | C14: ='Monthly by Country'!C14/'Monthly by Country'!C13-1 -> 0.065198737 | D14: ='Monthly by Country'!D14/'Monthly by Country'!D13-1 -> 0.0069441961 | E14: ='Monthly by Country'!E14/'Monthly by Country'!E13-1 -> 0.045401589 | F14: ='Monthly by Country'!F14/'Monthly by Country'!F13-1 -> 0.029808834 | G14: ='Monthly by Country'!G14/'Monthly by Country'!G13-1 -> -0.024760341 | H14: ='Monthly by Country'!H14/'Monthly by Country'!H13-1 -> 0.034706955
A15: ='Monthly by Country'!A15 -> 45231 | B15: ='Monthly by Country'!B15/'Monthly by Country'!B14-1 -> 0.094773922 | C15: ='Monthly by Country'!C15/'Monthly by Country'!C14-1 -> 0.044342935 | D15: ='Monthly by Country'!D15/'Monthly by Country'!D14-1 -> 0.11249014 | E15: ='Monthly by Country'!E15/'Monthly by Country'!E14-1 -> 0.097789841 | F15: ='Monthly by Country'!F15/'Monthly by Country'!F14-1 -> 0.14778451 | G15: ='Monthly by Country'!G15/'Monthly by Country'!G14-1 -> 0.22210553 | H15: ='Monthly by Country'!H15/'Monthly by Country'!H14-1 -> 0.11000445
A16: ='Monthly by Country'!A16 -> 45261 | B16: ='Monthly by Country'!B16/'Monthly by Country'!B15-1 -> 0.048179628 | C16: ='Monthly by Country'!C16/'Monthly by Country'!C15-1 -> 0.075169214 | D16: ='Monthly by Country'!D16/'Monthly by Country'!D15-1 -> 0.062692013 | E16: ='Monthly by Country'!E16/'Monthly by Country'!E15-1 -> -0.0047919414 | F16: ='Monthly by Country'!F16/'Monthly by Country'!F15-1 -> 0.026856035 | G16: ='Monthly by Country'!G16/'Monthly by Country'!G15-1 -> -0.00025528259 | H16: ='Monthly by Country'!H16/'Monthly by Country'!H15-1 -> 0.038039594
A17: ='Monthly by Country'!A17 -> 45292 | B17: ='Monthly by Country'!B17/'Monthly by Country'!B16-1 -> -0.11106861 | C17: ='Monthly by Country'!C17/'Monthly by Country'!C16-1 -> -0.097487808 | D17: ='Monthly by Country'!D17/'Monthly by Country'!D16-1 -> -0.13618044 | E17: ='Monthly by Country'!E17/'Monthly by Country'!E16-1 -> -0.060069956 | F17: ='Monthly by Country'!F17/'Monthly by Country'!F16-1 -> -0.11433831 | G17: ='Monthly by Country'!G17/'Monthly by Country'!G16-1 -> -0.079234796 | H17: ='Monthly by Country'!H17/'Monthly by Country'!H16-1 -> -0.10195537
... A25: ='Monthly by Country'!A25 -> 45536 | B25: ='Monthly by Country'!B25/'Monthly by Country'!B24-1 -> 0.055736496 | C25: ='Monthly by Country'!C25/'Monthly by Country'!C24-1 -> 0.016697692 | D25: ='Monthly by Country'!D25/'Monthly by Country'!D24-1 -> 0.025356622 | E25: ='Monthly by Country'!E25/'Monthly by Country'!E24-1 -> -0.021509299 | F25: ='Monthly by Country'!F25/'Monthly by Country'!F24-1 -> -0.0077425824 | G25: ='Monthly by Country'!G25/'Monthly by Country'!G24-1 -> 0.040864833 | H25: ='Monthly by Country'!H25/'Monthly by Country'!H24-1 -> 0.021986102

Sheet YoY Change
A1: Year-over-Year % Change
A2: Formula: same month this year / same month last year - 1 (available Jan-2024 onward)
A4: Month | B4: Brazil | C4: India | D4: Indonesia | E4: Mexico | F4: Nigeria | G4: Philippines | H4: TOTAL
A5: ='Monthly by Country'!A17 -> 45292 | B5: ='Monthly by Country'!B17/'Monthly by Country'!B5-1 -> 0.169154 | C5: ='Monthly by Country'!C17/'Monthly by Country'!C5-1 -> 0.34664865 | D5: ='Monthly by Country'!D17/'Monthly by Country'!D5-1 -> 0.27320787 | E5: ='Monthly by Country'!E17/'Monthly by Country'!E5-1 -> 0.14045694 | F5: ='Monthly by Country'!F17/'Monthly by Country'!F5-1 -> 0.17354881 | G5: ='Monthly by Country'!G17/'Monthly by Country'!G5-1 -> 0.30684928 | H5: ='Monthly by Country'!H17/'Monthly by Country'!H5-1 -> 0.22745195
A6: ='Monthly by Country'!A18 -> 45323 | B6: ='Monthly by Country'!B18/'Monthly by Country'!B6-1 -> 0.28741879 | C6: ='Monthly by Country'!C18/'Monthly by Country'!C6-1 -> 0.38650134 | D6: ='Monthly by Country'!D18/'Monthly by Country'!D6-1 -> 0.33541245 | E6: ='Monthly by Country'!E18/'Monthly by Country'!E6-1 -> 0.21611299 | F6: ='Monthly by Country'!F18/'Monthly by Country'!F6-1 -> 0.25463849 | G6: ='Monthly by Country'!G18/'Monthly by Country'!G6-1 -> 0.23366608 | H6: ='Monthly by Country'!H18/'Monthly by Country'!H6-1 -> 0.28944005
A7: ='Monthly by Country'!A19 -> 45352 | B7: ='Monthly by Country'!B19/'Monthly by Country'!B7-1 -> 0.27468394 | C7: ='Monthly by Country'!C19/'Monthly by Country'!C7-1 -> 0.39400412 | D7: ='Monthly by Country'!D19/'Monthly by Country'!D7-1 -> 0.25239249 | E7: ='Monthly by Country'!E19/'Monthly by Country'!E7-1 -> 0.19871596 | F7: ='Monthly by Country'!F19/'Monthly by Country'!F7-1 -> 0.2006717 | G7: ='Monthly by Country'!G19/'Monthly by Country'!G7-1 -> 0.20305799 | H7: ='Monthly by Country'!H19/'Monthly by Country'!H7-1 -> 0.25904422
A8: ='Monthly by Country'!A20 -> 45383 | B8: ='Monthly by Country'!B20/'Monthly by Country'!B8-1 -> 0.27721408 | C8: ='Monthly by Country'!C20/'Monthly by Country'!C8-1 -> 0.36456538 | D8: ='Monthly by Country'!D20/'Monthly by Country'!D8-1 -> 0.41496773 | E8: ='Monthly by Country'!E20/'Monthly by Country'!E8-1 -> 0.22199257 | F8: ='Monthly by Country'!F20/'Monthly by Country'!F8-1 -> 0.2775142 | G8: ='Monthly by Country'!G20/'Monthly by Country'!G8-1 -> 0.29254445 | H8: ='Monthly by Country'!H20/'Monthly by Country'!H8-1 -> 0.30905163
A9: ='Monthly by Country'!A21 -> 45413 | B9: ='Monthly by Country'!B21/'Monthly by Country'!B9-1 -> 0.20403966 | C9: ='Monthly by Country'!C21/'Monthly by Country'!C9-1 -> 0.31840794 | D9: ='Monthly by Country'!D21/'Monthly by Country'!D9-1 -> 0.26134092 | E9: ='Monthly by Country'!E21/'Monthly by Country'!E9-1 -> 0.18020424 | F9: ='Monthly by Country'!F21/'Monthly by Country'!F9-1 -> 0.18156112 | G9: ='Monthly by Country'!G21/'Monthly by Country'!G9-1 -> 0.22807714 | H9: ='Monthly by Country'!H21/'Monthly by Country'!H9-1 -> 0.22991377
A10: ='Monthly by Country'!A22 -> 45444 | B10: ='Monthly by Country'!B22/'Monthly by Country'!B10-1 -> 0.1863472 | C10: ='Monthly by Country'!C22/'Monthly by Country'!C10-1 -> 0.3605426 | D10: ='Monthly by Country'!D22/'Monthly by Country'!D10-1 -> 0.35465242 | E10: ='Monthly by Country'!E22/'Monthly by Country'!E10-1 -> 0.17518611 | F10: ='Monthly by Country'!F22/'Monthly by Country'!F10-1 -> -0.1149575 | G10: ='Monthly by Country'!G22/'Monthly by Country'!G10-1 -> 0.16138224 | H10: ='Monthly by Country'!H22/'Monthly by Country'!H10-1 -> 0.21154258
A11: ='Monthly by Country'!A23 -> 45474 | B11: ='Monthly by Country'!B23/'Monthly by Country'!B11-1 -> 0.24427804 | C11: ='Monthly by Country'!C23/'Monthly by Country'!C11-1 -> 0.37817075 | D11: ='Monthly by Country'!D23/'Monthly by Country'!D11-1 -> 0.38951039 | E11: ='Monthly by Country'!E23/'Monthly by Country'!E11-1 -> 0.16269222 | F11: ='Monthly by Country'!F23/'Monthly by Country'!F11-1 -> 0.22985111 | G11: ='Monthly by Country'!G23/'Monthly by Country'!G11-1 -> 0.27285472 | H11: ='Monthly by Country'!H23/'Monthly by Country'!H11-1 -> 0.28201148
A12: ='Monthly by Country'!A24 -> 45505 | B12: ='Monthly by Country'!B24/'Monthly by Country'!B12-1 -> 0.23306629 | C12: ='Monthly by Country'!C24/'Monthly by Country'!C12-1 -> 0.319161 | D12: ='Monthly by Country'!D24/'Monthly by Country'!D12-1 -> 0.31844466 | E12: ='Monthly by Country'!E24/'Monthly by Country'!E12-1 -> 0.21069426 | F12: ='Monthly by Country'!F24/'Monthly by Country'!F12-1 -> 0.3030872 | G12: ='Monthly by Country'!G24/'Monthly by Country'!G12-1 -> 0.19124537 | H12: ='Monthly by Country'!H24/'Monthly by Country'!H12-1 -> 0.26137535
A13: ='Monthly by Country'!A25 -> 45536 | B13: ='Monthly by Country'!B25/'Monthly by Country'!B13-1 -> 0.32685123 | C13: ='Monthly by Country'!C25/'Monthly by Country'!C13-1 -> 0.292325 | D13: ='Monthly by Country'!D25/'Monthly by Country'!D13-1 -> 0.26829081 | E13: ='Monthly by Country'!E25/'Monthly by Country'!E13-1 -> 0.16779294 | F13: ='Monthly by Country'!F25/'Monthly by Country'!F13-1 -> 0.27324447 | G13: ='Monthly by Country'!G25/'Monthly by Country'!G13-1 -> 0.260624 | H13: ='Monthly by Country'!H25/'Monthly by Country'!H13-1 -> 0.26837873
A15: Avg YoY, last 3mo (Jul-Sep 24) | B15: =AVERAGE(B11:B13) -> 0.26806519 | C15: =AVERAGE(C11:C13) -> 0.32988558 | D15: =AVERAGE(D11:D13) -> 0.32541529 | E15: =AVERAGE(E11:E13) -> 0.18039314 | F15: =AVERAGE(F11:F13) -> 0.26872759 | G15: =AVERAGE(G11:G13) -> 0.2415747 | H15: =AVERAGE(H11:H13) -> 0.27058852

Sheet YTD Comparison
A1: YTD Comparison (Jan-Sep)
A2: Cumulative Jan-Sep 2023 vs Jan-Sep 2024, per country
A4: Metric | B4: Brazil | C4: India | D4: Indonesia | E4: Mexico | F4: Nigeria | G4: Philippines | H4: TOTAL
A5: YTD 2023 (Jan-Sep) | B5: =SUM('Monthly by Country'!B5:B13) -> 1729554.8 | C5: =SUM('Monthly by Country'!C5:C13) -> 1113173.1 | D5: =SUM('Monthly by Country'!D5:D13) -> 1369960.5 | E5: =SUM('Monthly by Country'!E5:E13) -> 1249337.1 | F5: =SUM('Monthly by Country'!F5:F13) -> 681970.41 | G5: =SUM('Monthly by Country'!G5:G13) -> 874154.68 | H5: =SUM('Monthly by Country'!H5:H13) -> 7018150.5
A6: YTD 2024 (Jan-Sep) | B6: =SUM('Monthly by Country'!B17:B25) -> 2151776.6 | C6: =SUM('Monthly by Country'!C17:C25) -> 1502091.3 | D6: =SUM('Monthly by Country'!D17:D25) -> 1805641.4 | E6: =SUM('Monthly by Country'!E17:E25) -> 1480982.5 | F6: =SUM('Monthly by Country'!F17:F25) -> 816682.73 | G6: =SUM('Monthly by Country'!G17:G25) -> 1081601.7 | H6: =SUM('Monthly by Country'!H17:H25) -> 8838776.3
A7: YTD Growth % | B7: =B6/B5-1 -> 0.24412167 | C7: =C6/C5-1 -> 0.34937804 | D7: =D6/D5-1 -> 0.31802443 | E7: =E6/E5-1 -> 0.18541468 | F7: =F6/F5-1 -> 0.19753397 | G7: =G6/G5-1 -> 0.2373116 | H7: =H6/H5-1 -> 0.25941674
A10: Anomalies / inflection points flagged
A11: Nigeria: -25.6% MoM in Jun-2024, then +46.3% MoM in Jul-2024 — a sharp dip-and-recover not seen in any other country/month. See 'MoM Change' tab.
A12: Seasonal pattern (not an anomaly): every Nov-Dec shows a broad-based spike (~10-20% MoM) across all countries, followed by a Jan pullback — consistent both years, treated as expected seasonality in the forecast.

Sheet Forecast Oct-Dec 2024
A1: Forecast: Oct-Dec 2024
A2: Method: seasonal-naive x recent growth. Forecast = same month last year x (1 + avg YoY growth of last 3 observed months).
A4: Growth rate applied (avg YoY, Jul-Sep 2024) — from 'YoY Change' tab
B6: Brazil | C6: India | D6: Indonesia | E6: Mexico | F6: Nigeria | G6: Philippines | H6: TOTAL
A7: Growth rate | B7: ='YoY Change'!B15 -> 0.26806519 | C7: ='YoY Change'!C15 -> 0.32988558 | D7: ='YoY Change'!D15 -> 0.32541529 | E7: ='YoY Change'!E15 -> 0.18039314 | F7: ='YoY Change'!F15 -> 0.26872759 | G7: ='YoY Change'!G15 -> 0.2415747 | H7: ='YoY Change'!H15 -> 0.27058852
A10: Forecast
A12: Month | B12: Brazil | C12: India | D12: Indonesia | E12: Mexico | F12: Nigeria | G12: Philippines | H12: TOTAL
A13: Oct-2024 | B13: ='Monthly by Country'!B14*(1+B$7) -> 269552.98 | C13: ='Monthly by Country'!C14*(1+C$7) -> 198642.48 | D13: ='Monthly by Country'!D14*(1+D$7) -> 231716.34 | E13: ='Monthly by Country'!E14*(1+E$7) -> 179508.89 | F13: ='Monthly by Country'!F14*(1+F$7) -> 105653.42 | G13: ='Monthly by Country'!G14*(1+G$7) -> 125398.21 | H13: =SUM(B13:G13) -> 1110472.3
A14: Nov-2024 | B14: ='Monthly by Country'!B15*(1+B$7) -> 295099.58 | C14: ='Monthly by Country'!C15*(1+C$7) -> 207450.87 | D14: ='Monthly by Country'!D15*(1+D$7) -> 257782.14 | E14: ='Monthly by Country'!E15*(1+E$7) -> 197063.03 | F14: ='Monthly by Country'!F15*(1+F$7) -> 121267.36 | G14: ='Monthly by Country'!G15*(1+G$7) -> 153249.85 | H14: =SUM(B14:G14) -> 1231912.8
A15: Dec-2024 | B15: ='Monthly by Country'!B16*(1+B$7) -> 309317.37 | C15: ='Monthly by Country'!C16*(1+C$7) -> 223044.79 | D15: ='Monthly by Country'!D16*(1+D$7) -> 273943.02 | E15: ='Monthly by Country'!E16*(1+E$7) -> 196118.72 | F15: ='Monthly by Country'!F16*(1+F$7) -> 124524.12 | G15: ='Monthly by Country'!G16*(1+G$7) -> 153210.73 | H15: =SUM(B15:G15) -> 1280158.7
A16: Q4 2024 Total (forecast) | B16: =SUM(B13:B15) -> 873969.93 | C16: =SUM(C13:C15) -> 629138.15 | D16: =SUM(D13:D15) -> 763441.5 | E16: =SUM(E13:E15) -> 572690.64 | F16: =SUM(F13:F15) -> 351444.89 | G16: =SUM(G13:G15) -> 431858.79 | H16: =SUM(H13:H15) -> 3622543.9
A19: Full-Year 2024 (actual + forecast) vs FY2023
B21: Brazil | C21: India | D21: Indonesia | E21: Mexico | F21: Nigeria | G21: Philippines | H21: TOTAL
A22: FY2023 Actual | B22: =SUM('Monthly by Country'!B5:B16) -> 2418770.1 | C22: =SUM('Monthly by Country'!C5:C16) -> 1586250 | D22: =SUM('Monthly by Country'!D5:D16) -> 1945962.2 | E22: =SUM('Monthly by Country'!E5:E16) -> 1734506.5 | F22: =SUM('Monthly by Country'!F5:F16) -> 958976.2 | G22: =SUM('Monthly by Country'!G5:G16) -> 1221986.2 | H22: =SUM('Monthly by Country'!H5:H16) -> 9866451.2
A23: FY2024 (actual Jan-Sep + forecast Q4) | B23: =SUM('Monthly by Country'!B17:B25)+B16 -> 3025746.5 | C23: =SUM('Monthly by Country'!C17:C25)+C16 -> 2131229.5 | D23: =SUM('Monthly by Country'!D17:D25)+D16 -> 2569082.9 | E23: =SUM('Monthly by Country'!E17:E25)+E16 -> 2053673.2 | F23: =SUM('Monthly by Country'!F17:F25)+F16 -> 1168127.6 | G23: =SUM('Monthly by Country'!G17:G25)+G16 -> 1513460.5 | H23: =SUM('Monthly by Country'!H17:H25)+H16 -> 12461320
A24: Implied FY growth % | B24: =B23/B22-1 -> 0.25094424 | C24: =C23/C22-1 -> 0.34356469 | D24: =D23/D22-1 -> 0.32021211 | E24: =E23/E22-1 -> 0.18401007 | F24: =F23/F22-1 -> 0.21809865 | G24: =G23/G22-1 -> 0.23852507 | H24: =H23/H22-1 -> 0.26299922
A27: Yellow cells = key assumption (growth rate driving the forecast). Change these to test sensitivity.
